<?xml version="1.0" encoding="UTF-8"?>
<employees>
  <employee>
    <name>Anand</name>
    <position>Software Engineer</position>
  </employee>
  <employee>
    <name>Ashok</name>
    <position>Project Manager</position>
  </employee>
  <employee>
    <name>Baby</name>
    <position>Project Lead</position>
  </employee>
  <employee>
    <name>Niranjan</name>
    <position>HR Manager</position>
  </employee>
  <employee>
    <name>Nila</name>
    <position>Assistant Manager</position>
  </employee>
</employees>